Structure type,count,mean,std,min,5%,50%,95%,max
DIL ref,11.0,1.8181818181818181,0.7507571935295484,1.0,1.0,2.0,3.0,3.0
OAR ref,11.0,1.0,0.0,1.0,1.0,1.0,1.0,1.0
Rectum ref,11.0,1.0,0.0,1.0,1.0,1.0,1.0,1.0
Urethra ref,11.0,1.0,0.0,1.0,1.0,1.0,1.0,1.0
