,Double Sextant,Count,Percentage
0,Total Biopsies,39,100.0
1,LAS,0,0.0
2,LAM,5,12.82051282051282
3,LAI,2,5.128205128205128
4,LPS,2,5.128205128205128
5,LPM,15,38.46153846153847
6,LPI,5,12.82051282051282
7,RAS,0,0.0
8,RAM,0,0.0
9,RAI,0,0.0
10,RPS,1,2.564102564102564
11,RPM,7,17.94871794871795
12,RPI,2,5.128205128205128
